"Module Name","Sub Module Name","Task","Task Type","Priority","Owner","Status","Start date","End date","Hours Spent","Task Description","Outcome","Notes"
"Platform Core","Database Schema","Multi-Tenant Core Architecture & Migration Pipeline","Architecture / Database","High","Full Stack Team","Completed","2026-08-31 10:15","2026-08-31 11:35",1.33,"Designed and implemented core multi-tenant schema migrations (007-017) encompassing document types, module registry, permissions, tenants, roles, branches, and branch settings tables.","Foundational multi-tenant relational schema supporting isolated tenant databases, tenant-level branding, and branch hierarchies.","Engineered automated migration execution pipeline in migrations_v2."
"Identity & Authentication","Session Management","User Security & RBAC Infrastructure","Security / Database","High","Full Stack Team","Completed","2026-08-31 11:40","2026-08-31 13:00",1.33,"Built user credential models and security migrations (018-026) including user accounts, app devices, session tracking, OTP verification, password reset tokens, and overridden permissions.","Robust identity layer with role-based access control and granular per-user permission overrides.","Configured SHA-256 session token hashing and push notification token storage."
"Academic Master Data","Course Architecture","Multi-Tier Course, Program & Level Hierarchy","Feature / Database","High","Full Stack Team","Completed","2026-08-31 13:05","2026-08-31 14:25",1.33,"Implemented academic hierarchy migrations (027-033) for education boards, master courses, course-branch linkages, academic programs, difficulty levels, and level-subject mappings.","Structured academic curriculum hierarchy allowing courses to contain multiple programs and academic levels.","Created junction tables course_branches and level_subjects with relational integrity."
"Infrastructure & Logistics","Classrooms & Batches","Classroom Master & Academic Year Batch Scheduling","Feature / Database","High","Full Stack Team","Completed","2026-08-31 14:30","2026-08-31 15:45",1.25,"Developed migrations (034-036) for physical branch classrooms, seat capacity controls, academic years, and student batch structures with shift timings.","Branch-scoped physical space management and batch grouping for class scheduling.","Added capacity validation constraints and room type classifications (Lecture Hall, Lab, Auditorium)."
"Staff Management","Faculty Allocations","Staff Profiles, Teacher Availability & Subject Allocations","Feature / Database","High","Full Stack Team","Completed","2026-08-31 15:50","2026-08-31 17:00",1.17,"Implemented staff schema migrations (037-041) supporting employee profiles, weekly faculty availability slots, teacher-batch subject allocations, staff attendance, and leave management.","Complete staff and faculty data model supporting teaching vs administrative designations and lecture capacity tracking.","Linked faculty availability matrix to days of week and time windows."
"CRM & Enquiries","Admissions Funnel","Student Enquiries, Lead Sources & Guardian Linkage","Feature / Database","High","Full Stack Team","Completed","2026-08-31 17:05","2026-08-31 18:10",1.08,"Engineered enquiry and admissions schema (042-050) covering lead acquisition sources, prospect follow-up logs, student master records, guardian profiles, and batch enrollments.","End-to-end student onboarding pipeline from initial enquiry stage to confirmed classroom enrollment.","Created student_guardians junction table supporting multi-guardian emergency contacts."
"Academics & Operations","Timetable Engine","Recurring Schedule Rules & Lecture Timetable Schema","Feature / Database","High","Full Stack Team","Completed","2026-09-01 10:20","2026-09-01 11:40",1.33,"Implemented migrations (053-060) encompassing recurring timetable rules, lecture scheduling instances, cancellation logs, attendance sessions, and attendance correction requests.","Dynamic scheduling subsystem supporting recurring lecture generation, room swap tracking, and attendance sessions.","Structured lecture status lifecycles (Scheduled, In-Progress, Completed, Cancelled, Rescheduled)."
"Student Evaluations","Exams & Assignments","Assignment Submissions, Homework Files & Exam Grading Schema","Feature / Database","High","Full Stack Team","Completed","2026-09-01 11:45","2026-09-01 13:05",1.33,"Built student assessment schema migrations (061-071) for assignments, submission attachments, exams, batch grading rosters, result publication logs, and student doubt resolution threads.","Comprehensive student evaluation and homework grading pipeline with threaded doubt attachments.","Designed normalized schema for exam marks with maximum, passing, and scored marks attributes."
"Finance & Billing","Fee Architecture","Fee Plans, Installment Schedules & Concession Models","Feature / Database","High","Full Stack Team","Completed","2026-09-01 13:10","2026-09-01 14:30",1.33,"Architected fee structure migrations (072-084) covering fee heads, customizable fee plans, installment rules, subject bundles, concessions, student fee assignments, and receipt generation.","Flexible financial billing engine supporting lump-sum and installment-based fee collection with discount concessions.","Created payment_transactions and payment_installment_links for double-entry financial auditability."
"Finance & HR","Staff Payroll","General Ledger & Staff Salary Component Engine","Feature / Database","High","Full Stack Team","Completed","2026-09-01 14:35","2026-09-01 15:50",1.25,"Implemented financial accounting and payroll migrations (085-091) for income/expense heads, double-entry financial ledgers, salary structures, payroll periods, and salary disbursements.","Full ERP accounting backbone supporting institute expenses, other income, and monthly staff payroll cycles.","Engineered salary structure component breakdown for basic pay, allowances, and statutory deductions."
"Communication & System","Audit & Notifications","Audit Trail Logging, Notifications & Platform Settings","Security / Database","High","Full Stack Team","Completed","2026-09-01 15:55","2026-09-01 17:05",1.17,"Developed system logging and communication migrations (092-104) covering platform notifications, broadcast recipients, announcement audiences, communication audit logs, and approval requests.","Comprehensive security audit trail and multi-channel notification dispatcher for institute announcements.","Added approval_requests table for tracking administrative quota override requests."
"Database Seeding","Multi-Tenant Seed Engine","Seed Data Generation for Subscriptions, Tenants, Faculty & Classrooms","Feature / Seeding","High","Full Stack Team","Completed","2026-09-01 17:10","2026-09-01 18:25",1.25,"Authored seed scripts (seeds_v2/001-030 and generate_staff.js) populating subscription plans, master tenants, roles, permissions, email templates, courses, classrooms, and 30+ faculty profiles.","Realistic multi-branch development environment initialized with active test tenants (Allen, Aakash) and realistic schedules.","Populated course-branch and branch-program mappings across Mumbai West and Pune Camp."
"SaaS Admin","Support Tickets","Full Support Ticket Lifecycle & Threaded Replies","Feature / Database","High","Full Stack Team","Completed","2026-09-02 10:10","2026-09-02 11:30",1.33,"Implemented supportModel.js, supportController.js, supportService.js, migrations 109-110, and SupportTickets.tsx with status filters (Open, In-Progress, Resolved, Closed), SLA priority badges, and attachment viewing.","Super Admins and tenant operators can raise and resolve customer support tickets with bidirectional conversation threads.","Integrated with Multer storage for support ticket screenshot and document attachments."
"SaaS Admin","Security & RBAC","Fine-Grained Role Permissions Matrix & User Provisioning","Security / UI","High","Full Stack Team","Completed","2026-09-02 11:35","2026-09-02 12:55",1.33,"Built roleModel.js, roleController.js, userController.js, roleRoutes.js, userRoutes.js, and UsersAndRoles.tsx with granular permission matrix checkboxes, custom role creator, and user status toggles.","SaaS Admins can define custom role templates with selective feature permissions and manage tenant user credentials.","Added permission seeds (033-034) for full user and role CRUD actions."
"SaaS Admin","Communication Channels","Email, SMS & WhatsApp Gateway Configurations","Feature / UI","High","Full Stack Team","Completed","2026-09-02 13:00","2026-09-02 14:20",1.33,"Created EmailConfiguration.tsx, SmsConfiguration.tsx, and WhatsAppConfiguration.tsx for managing multi-channel provider credentials (SendGrid, AWS SES, Twilio, MSG91, Meta Cloud API) and testing connections.","Super Admins can configure and verify third-party communication gateway credentials directly from the settings console.","Added real-time input masking for sensitive API tokens and webhook secrets."
"SaaS Admin","Analytics Dashboard","SaaS Overview Analytics & Financial KPI Metrics","Feature / UI","High","Full Stack Team","Completed","2026-09-02 14:25","2026-09-02 15:40",1.25,"Overhauled SaasAdminDashboard.tsx and dashboardRoutes.js to deliver platform overview KPIs (Total Tenants, Active vs Suspended, Pending Approvals, MRR breakdown, and status distribution donut charts).","Live platform executive metrics with automatic status aggregation and time-range filtering (Daily, Weekly, Monthly).","Created SaasAdminDashboard_FinanceMetrics_Verification.md validating calculation formulas."
"Platform Core","Refactoring","Deprecated Instance Model Removal & Invoice Standardization","Refactor / Database","High","Full Stack Team","Completed","2026-09-02 15:45","2026-09-02 17:00",1.25,"Removed legacy max_instances architectural constraints across the codebase and unified SaaS subscription invoicing under migration 108 (108_recreate_saas_invoices_unified.sql) with updated billingModel.js.","Simplified subscription plan limits schema focused on modern resource quotas (Students, Branches, Storage).","Eliminated legacy schema debt and aligned billing models with subscription tiers."
"SaaS Admin","Tenants Management","Tenant Manager Table Polish & Filter Stabilization","UI / UX","Medium","Frontend Team","Completed","2026-09-02 17:05","2026-09-02 18:20",1.25,"Enhanced TenantsManager.tsx with high-density table view, search and status dropdown filters, quick action menus (Impersonate, Edit, Suspend), and unified sidebar navigation groupings.","Smooth tenant directory management with instant responsive searching and status indicators.","Verified tenant impersonation workflow and token exchange for seamless administrative support."
"SaaS Admin","Communication Templates","WhatsApp Business Template Subsystem","Feature / Database","High","Full Stack Team","Completed","2026-09-03 10:15","2026-09-03 11:35",1.33,"Built whatsappTemplateModel.js, whatsappTemplateController.js, migration 113 (create_whatsapp_templates), seeds 037, and WhatsAppTemplates.tsx supporting category filtering, parameter tag injection ({#var#}), and approval status toggles.","SaaS administrators can create, edit, and preview Meta-compliant WhatsApp business notification templates.","Implemented variable placeholder syntax highlighting and mobile message mockup preview."
"SaaS Admin","Communication Templates","SMS & DLT Template Integration","Feature / Database","High","Full Stack Team","Completed","2026-09-03 11:40","2026-09-03 13:00",1.33,"Implemented smsTemplateModel.js, smsTemplateController.js, migration 112 (create_sms_templates), seeds 036, and SmsTemplates.tsx with DLT Template ID verification, SMS character counters, and unicode detection.","Compliant transactional SMS template engine supporting Indian telecom DLT regulations with dynamic entity parameter replacements.","Added automated character counting and multiple SMS segment split calculation."
"SaaS Admin","Platform Configuration","System Configuration Engine & Channel Provider Registry","Feature / Database","High","Full Stack Team","Completed","2026-09-03 13:05","2026-09-03 14:25",1.33,"Developed systemConfigurationModel.js, systemConfigurationController.js, platformSettingsModel.js, migration 111, and SystemConfiguration.tsx for managing platform-wide settings (branding, storage limits, default currency, and active notification channels).","Centralized runtime configuration engine allowing instant toggling of platform subsystems without server restarts.","Added strict payload validation using systemConfigurationValidator.js."
"SaaS Admin","Analytics Visualization","Recharts Charting Engine Integration & Revenue Tracking","Feature / UI","High","Frontend Team","Completed","2026-09-03 14:30","2026-09-03 15:45",1.25,"Integrated shadcn-style ChartContainer in chart.tsx, refactored SaasAdminDashboard.tsx and BillingRevenue.tsx with responsive BarCharts and PieCharts for monthly revenue trends, plan distribution, and user engagement metrics.","High-fidelity interactive financial and tenant growth charts with custom glassmorphism tooltips and hover animations.","Engineered dynamic Y-axis label formatting and zero-data fallback states."
"Institute Admin","Course Management","Course Curriculum & Program Subject Explorer","Feature / UI","High","Full Stack Team","Completed","2026-09-03 15:50","2026-09-03 17:00",1.17,"Built CourseDetail.tsx, CourseCurriculumView.tsx, and CourseCurriculumModal.tsx allowing institute administrators to view nested program levels, subjects, and topics within master courses.","Interactive curriculum tree explorer showing subject hours, exam weightages, and assigned faculty per subject.","Linked course detail view with courseApi.ts and level-subject mappings."
"Institute Admin","Course Management","Course List Extended View & Accordion Hierarchy Polish","UI / Refactor","High","Frontend Team","Completed","2026-09-03 17:05","2026-09-03 18:15",1.17,"Enhanced CourseSetup.tsx (Commit 37bbaf0) fixing extended detail drawers, accordion expansions, program badge styling, and branch allocation summary counters.","Seamless course list exploration with smooth slide-down accordions and high-contrast difficulty level badges.","Resolved UI layout shifts when expanding programs containing multiple subject batches."
